{"name":"KindOfCard","identifier":"ZEN4GK3FVM","description":null,"slotTypeName":"KindOfCardType","obfuscationSetting":null,"valueElicitationSetting":{"slotCaptureSetting":{"codeHook":null,"captureResponse":null,"captureNextStep":{"dialogAction":{"type":"ElicitSlot","slotToElicit":"CardNumber","suppressNextMessage":null},"intent":{"name":null,"slots":{}},"sessionAttributes":{}},"captureConditional":null,"failureResponse":null,"failureNextStep":{"dialogAction":{"type":"StartIntent","slotToElicit":null,"suppressNextMessage":null},"intent":{"name":"FallbackIntent","slots":{}},"sessionAttributes":{}},"failureConditional":null,"elicitationCodeHook":{"invocationLabel":null,"enableCodeHookInvocation":true}},"promptSpecification":{"messageGroupsList":[{"message":{"ssmlMessage":null,"customPayload":null,"plainTextMessage":{"value":"Provide the value for KindOfCard"},"imageResponseCard":null},"variations":null}],"maxRetries":1,"allowInterrupt":true,"messageSelectionStrategy":"Random","promptAttemptsSpecification":{"Initial":{"allowedInputTypes":{"allowAudioInput":true,"allowDTMFInput":true},"audioAndDTMFInputSpecification":{"dtmfSpecification":{"maxLength":513,"deletionCharacter":"*","endCharacter":"#","endTimeoutMs":5000},"startTimeoutMs":4000,"audioSpecification":{"maxLengthMs":15000,"endTimeoutMs":640}},"allowInterrupt":true,"textInputSpecification":{"startTimeoutMs":30000}},"Retry1":{"allowedInputTypes":{"allowAudioInput":true,"allowDTMFInput":true},"audioAndDTMFInputSpecification":{"dtmfSpecification":{"maxLength":513,"deletionCharacter":"*","endCharacter":"#","endTimeoutMs":5000},"startTimeoutMs":4000,"audioSpecification":{"maxLengthMs":15000,"endTimeoutMs":640}},"allowInterrupt":true,"textInputSpecification":{"startTimeoutMs":30000}}}},"slotConstraint":"Required","defaultValueSpecification":null,"sampleUtterances":[{"utterance":"A {KindOfCard} ."},{"utterance":"It is a {KindOfCard} ."},{"utterance":"It's a {KindOfCard} ."},{"utterance":"Its a {KindOfCard} ."},{"utterance":"They've been {KindOfCard} ."},{"utterance":"This is a {KindOfCard} ."},{"utterance":"To {KindOfCard} ."},{"utterance":"Yeah, it's a {KindOfCard} ."},{"utterance":"{KindOfCard} is a."},{"utterance":"{KindOfCard} little aren't, aren't."}],"waitAndContinueSpecification":null},"multipleValuesSetting":null}