{"name":"MakePayment","identifier":"8NHF4YDK6Q","description":null,"parentIntentSignature":null,"sampleUtterances":[{"utterance":"I need to make a payment"},{"utterance":"I'm calling to make a payment"},{"utterance":"I was calling to make a payment"},{"utterance":"I want to make a payment"},{"utterance":"I like to make a payment"},{"utterance":"I'd like to make a payment"},{"utterance":"I was trying to make a payment"},{"utterance":"I need to make a payment please"},{"utterance":"I wanted to make a payment"},{"utterance":"I would like to make a payment"},{"utterance":"can I make a payment"},{"utterance":"I just need to make a payment"},{"utterance":"I was actually calling to make a payment"},{"utterance":"Maybe make a payment"},{"utterance":"Is all make a payment"},{"utterance":"I gotta make a payment"},{"utterance":"I needed make a payment"},{"utterance":"how you can make a payment"},{"utterance":"Can I go ahead and make a payment"}],"intentConfirmationSetting":null,"intentClosingSetting":{"isActive":true,"nextStep":{"dialogAction":{"type":"EndConversation","slotToElicit":null,"suppressNextMessage":null},"intent":{"name":null,"slots":null},"sessionAttributes":null},"closingResponse":{"messageGroupsList":[{"message":{"ssmlMessage":null,"customPayload":null,"plainTextMessage":{"value":"Thanks for the details, your booking is complete now!"},"imageResponseCard":null},"variations":null}],"allowInterrupt":true}},"initialResponseSetting":{"codeHook":{"isActive":true,"invocationLabel":null,"postCodeHookSpecification":{"failureResponse":null,"failureNextStep":{"dialogAction":{"type":"EndConversation","slotToElicit":null,"suppressNextMessage":null},"intent":{"name":null,"slots":{}},"sessionAttributes":{}},"failureConditional":null,"successConditional":null,"timeoutResponse":null,"timeoutNextStep":{"dialogAction":{"type":"EndConversation","slotToElicit":null,"suppressNextMessage":null},"intent":{"name":null,"slots":{}},"sessionAttributes":{}},"timeoutConditional":null,"successNextStep":{"dialogAction":{"type":"ElicitSlot","slotToElicit":"KindOfCard","suppressNextMessage":null},"intent":{"name":null,"slots":{}},"sessionAttributes":{}},"successResponse":null},"enableCodeHookInvocation":true},"conditional":null,"nextStep":{"dialogAction":{"type":"InvokeDialogCodeHook","slotToElicit":null,"suppressNextMessage":null},"intent":{"name":null,"slots":{}},"sessionAttributes":{}},"initialResponse":null},"inputContexts":null,"outputContexts":null,"kendraConfiguration":null,"dialogCodeHook":{"enabled":false},"fulfillmentCodeHook":{"isActive":false,"postFulfillmentStatusSpecification":{"failureResponse":{"messageGroupsList":[{"message":{"ssmlMessage":null,"customPayload":null,"plainTextMessage":{"value":"Sorry! failures with payment processing."},"imageResponseCard":null},"variations":null}],"allowInterrupt":true},"failureNextStep":{"dialogAction":{"type":"CloseIntent","slotToElicit":null,"suppressNextMessage":null},"intent":{"name":null,"slots":{}},"sessionAttributes":null},"timeoutResponse":{"messageGroupsList":[{"message":{"ssmlMessage":null,"customPayload":null,"plainTextMessage":{"value":"Sorry, payment processing timed out.. Please retry!"},"imageResponseCard":null},"variations":null}],"allowInterrupt":true},"timeoutNextStep":{"dialogAction":{"type":"CloseIntent","slotToElicit":null,"suppressNextMessage":null},"intent":{"name":null,"slots":{}},"sessionAttributes":null},"successNextStep":{"dialogAction":{"type":"CloseIntent","slotToElicit":null,"suppressNextMessage":null},"intent":{"name":null,"slots":{}},"sessionAttributes":null},"successResponse":{"messageGroupsList":[{"message":{"ssmlMessage":null,"customPayload":null,"plainTextMessage":{"value":"Processing has been completed. Thanks, your reservation is now confirmed against your credit card!"},"imageResponseCard":null},"variations":null}],"allowInterrupt":true}},"fulfillmentUpdatesSpecification":{"active":true,"timeoutInSeconds":15,"startResponse":{"allowInterrupt":true,"delayInSeconds":5,"messageGroups":[{"message":{"ssmlMessage":null,"customPayload":null,"plainTextMessage":{"value":"we are working on it "},"imageResponseCard":null},"variations":null}]},"updateResponse":{"frequencyInSeconds":5,"allowInterrupt":true,"messageGroups":[{"message":{"ssmlMessage":null,"customPayload":null,"plainTextMessage":{"value":"we are still working on it "},"imageResponseCard":null},"variations":null}]}},"enabled":true},"slotPriorities":[{"priority":4,"slotName":"ZipCode"},{"priority":3,"slotName":"ExpirationDate"},{"priority":2,"slotName":"CardNumber"},{"priority":1,"slotName":"KindOfCard"}]}