{"name":"LookForStorageUnit","identifier":"MB3B7T6WEO","description":null,"parentIntentSignature":null,"sampleUtterances":[{"utterance":"I was calling to see if y'all had any available"},{"utterance":"can you see if you had any units available"},{"utterance":"I was seeing if you had any units available"},{"utterance":"I was wondering if I had any units available"},{"utterance":"I am calling to see if you had any units available"},{"utterance":"I was wondering if you guys had any units available"},{"utterance":"I was just calling to see if you had any units available"},{"utterance":"if you had any storage units available"},{"utterance":"I wanted to see if you had any storage units available"},{"utterance":"I was trying to see if y'all had any storage units available"},{"utterance":"I was wondering about if you guys had any available storage units"},{"utterance":"I was calling to see if y'all had a storage available"},{"utterance":"do you guys have any storage units available"},{"utterance":"I wonder if you have any storage units available"},{"utterance":"I'm checking to see if you have any storage units available"},{"utterance":"I was looking to see if you guys have storage units available"},{"utterance":"I had a storage unit available"},{"utterance":"I was calling to see if you guys had available u Haul"},{"utterance":"I was calling to see if you guys had any units available for renting"},{"utterance":"I like to know if you had any units available"},{"utterance":"I am looking for storage "}],"intentConfirmationSetting":{"isActive":false,"promptSpecification":{"messageGroupsList":[{"message":{"ssmlMessage":null,"customPayload":null,"plainTextMessage":{"value":"Do you want me to proceed with Renting ?"},"imageResponseCard":null},"variations":null}],"maxRetries":4,"allowInterrupt":true,"messageSelectionStrategy":"Random","promptAttemptsSpecification":{"Initial":{"allowedInputTypes":{"allowAudioInput":true,"allowDTMFInput":true},"audioAndDTMFInputSpecification":{"dtmfSpecification":{"maxLength":513,"deletionCharacter":"*","endCharacter":"#","endTimeoutMs":5000},"startTimeoutMs":4000,"audioSpecification":{"maxLengthMs":15000,"endTimeoutMs":640}},"allowInterrupt":true,"textInputSpecification":{"startTimeoutMs":30000}},"Retry1":{"allowedInputTypes":{"allowAudioInput":true,"allowDTMFInput":true},"audioAndDTMFInputSpecification":{"dtmfSpecification":{"maxLength":513,"deletionCharacter":"*","endCharacter":"#","endTimeoutMs":5000},"startTimeoutMs":4000,"audioSpecification":{"maxLengthMs":15000,"endTimeoutMs":640}},"allowInterrupt":true,"textInputSpecification":{"startTimeoutMs":30000}},"Retry2":{"allowedInputTypes":{"allowAudioInput":true,"allowDTMFInput":true},"audioAndDTMFInputSpecification":{"dtmfSpecification":{"maxLength":513,"deletionCharacter":"*","endCharacter":"#","endTimeoutMs":5000},"startTimeoutMs":4000,"audioSpecification":{"maxLengthMs":15000,"endTimeoutMs":640}},"allowInterrupt":true,"textInputSpecification":{"startTimeoutMs":30000}},"Retry4":{"allowedInputTypes":{"allowAudioInput":true,"allowDTMFInput":true},"audioAndDTMFInputSpecification":{"dtmfSpecification":{"maxLength":513,"deletionCharacter":"*","endCharacter":"#","endTimeoutMs":5000},"startTimeoutMs":4000,"audioSpecification":{"maxLengthMs":15000,"endTimeoutMs":640}},"allowInterrupt":true,"textInputSpecification":{"startTimeoutMs":30000}},"Retry3":{"allowedInputTypes":{"allowAudioInput":true,"allowDTMFInput":true},"audioAndDTMFInputSpecification":{"dtmfSpecification":{"maxLength":513,"deletionCharacter":"*","endCharacter":"#","endTimeoutMs":5000},"startTimeoutMs":4000,"audioSpecification":{"maxLengthMs":15000,"endTimeoutMs":640}},"allowInterrupt":true,"textInputSpecification":{"startTimeoutMs":30000}}}},"declinationResponse":{"messageGroupsList":[{"message":{"ssmlMessage":null,"customPayload":null,"plainTextMessage":{"value":"Ok, Let's try again"},"imageResponseCard":null},"variations":null}],"allowInterrupt":true},"failureNextStep":{"dialogAction":null,"intent":{"name":null,"slots":{}},"sessionAttributes":{}},"elicitationCodeHook":{"invocationLabel":null,"enableCodeHookInvocation":true},"declinationNextStep":{"dialogAction":null,"intent":{"name":null,"slots":{}},"sessionAttributes":{}},"confirmationNextStep":{"dialogAction":null,"intent":{"name":null,"slots":{}},"sessionAttributes":{}},"confirmationResponse":{"messageGroupsList":[{"message":{"ssmlMessage":null,"customPayload":null,"plainTextMessage":{"value":"Thanks for the Confirmation"},"imageResponseCard":null},"variations":null}],"allowInterrupt":true}},"intentClosingSetting":{"isActive":true,"nextStep":{"dialogAction":{"type":"StartIntent","slotToElicit":null,"suppressNextMessage":null},"intent":{"name":"MakePayment","slots":{}},"sessionAttributes":{}},"closingResponse":{"messageGroupsList":[{"message":{"ssmlMessage":null,"customPayload":null,"plainTextMessage":{"value":"Thanks, Let's work on Payments"},"imageResponseCard":null},"variations":null}],"allowInterrupt":true}},"initialResponseSetting":{"codeHook":null,"conditional":null,"nextStep":{"dialogAction":{"type":"ElicitSlot","slotToElicit":"LastName","suppressNextMessage":null},"intent":{"name":null,"slots":{}},"sessionAttributes":{}},"initialResponse":{"messageGroupsList":[{"message":{"ssmlMessage":null,"customPayload":null,"plainTextMessage":{"value":"Thanks, let me help you by collecting some information"},"imageResponseCard":null},"variations":null}],"allowInterrupt":true}},"inputContexts":null,"outputContexts":null,"kendraConfiguration":null,"dialogCodeHook":{"enabled":false},"fulfillmentCodeHook":{"isActive":false,"postFulfillmentStatusSpecification":{"failureResponse":{"messageGroupsList":[{"message":{"ssmlMessage":null,"customPayload":null,"plainTextMessage":{"value":"Sorry, could not put in request, might need additional information or retry.."},"imageResponseCard":null},"variations":null}],"allowInterrupt":true},"failureNextStep":{"dialogAction":null,"intent":{"name":null,"slots":{}},"sessionAttributes":{}},"timeoutResponse":null,"timeoutNextStep":{"dialogAction":null,"intent":{"name":null,"slots":{}},"sessionAttributes":{}},"successNextStep":{"dialogAction":null,"intent":{"name":null,"slots":{}},"sessionAttributes":{}},"successResponse":{"messageGroupsList":[{"message":{"ssmlMessage":null,"customPayload":null,"plainTextMessage":{"value":"Let me direct you to the reservation"},"imageResponseCard":null},"variations":null}],"allowInterrupt":true}},"fulfillmentUpdatesSpecification":null,"enabled":false},"slotPriorities":[{"priority":4,"slotName":"EmailAddress"},{"priority":1,"slotName":"LastName"},{"priority":3,"slotName":"PhoneNumber"},{"priority":2,"slotName":"FirstName"},{"priority":5,"slotName":"Time"}]}