{"name":"UnitType","identifier":"LCGVRMHZVC","description":null,"slotTypeValues":[{"synonyms":null,"sampleValue":{"value":"Four sixty nine"}},{"synonyms":null,"sampleValue":{"value":"Fourteen"}},{"synonyms":null,"sampleValue":{"value":"One fifty"}},{"synonyms":null,"sampleValue":{"value":"One forty three"}},{"synonyms":null,"sampleValue":{"value":"One ninety eight"}},{"synonyms":null,"sampleValue":{"value":"One sixty nine"}},{"synonyms":null,"sampleValue":{"value":"Three thousand seven"}},{"synonyms":null,"sampleValue":{"value":"four sixty"}},{"synonyms":null,"sampleValue":{"value":"night"}},{"synonyms":null,"sampleValue":{"value":"one thirty"}},{"synonyms":null,"sampleValue":{"value":"sixty seven"}},{"synonyms":null,"sampleValue":{"value":"thirty six"}},{"synonyms":null,"sampleValue":{"value":"three ninety three ninety one ninety six"}},{"synonyms":null,"sampleValue":{"value":"three oh four"}},{"synonyms":null,"sampleValue":{"value":"three, sixteen"}},{"synonyms":null,"sampleValue":{"value":"two"}},{"synonyms":null,"sampleValue":{"value":"two forty seven"}},{"synonyms":null,"sampleValue":{"value":"two seventeen"}},{"synonyms":null,"sampleValue":{"value":"two seventy six"}},{"synonyms":null,"sampleValue":{"value":"unit forty seven"}},{"synonyms":null,"sampleValue":{"value":"unit one ninety four"}},{"synonyms":null,"sampleValue":{"value":"unit three"}},{"synonyms":null,"sampleValue":{"value":"zero"}}],"parentSlotTypeSignature":null,"valueSelectionSetting":{"resolutionStrategy":"ORIGINAL_VALUE","regexFilter":null}}