{"name":"KindOfCardType","identifier":"6NRFATRIJY","description":null,"slotTypeValues":[{"synonyms":null,"sampleValue":{"value":"B"}},{"synonyms":null,"sampleValue":{"value":"MasterCard"}},{"synonyms":null,"sampleValue":{"value":"Visa"}},{"synonyms":null,"sampleValue":{"value":"Visa debit"}},{"synonyms":null,"sampleValue":{"value":"american Express"}},{"synonyms":null,"sampleValue":{"value":"beaver"}},{"synonyms":null,"sampleValue":{"value":"capital"}},{"synonyms":null,"sampleValue":{"value":"capital credit"}},{"synonyms":null,"sampleValue":{"value":"chase credit"}},{"synonyms":null,"sampleValue":{"value":"credit"}},{"synonyms":null,"sampleValue":{"value":"davis"}},{"synonyms":null,"sampleValue":{"value":"debit"}},{"synonyms":null,"sampleValue":{"value":"debit mastercard"}},{"synonyms":null,"sampleValue":{"value":"lethal"}},{"synonyms":null,"sampleValue":{"value":"master"}},{"synonyms":null,"sampleValue":{"value":"master fer"}},{"synonyms":null,"sampleValue":{"value":"mastercard"}},{"synonyms":null,"sampleValue":{"value":"mississippi"}},{"synonyms":null,"sampleValue":{"value":"region spanking"}}],"parentSlotTypeSignature":null,"valueSelectionSetting":{"resolutionStrategy":"ORIGINAL_VALUE","regexFilter":null}}