{"name":"PhoneNumber","identifier":"K10ZNRHQO4","description":null,"slotTypeName":"AMAZON.PhoneNumber","obfuscationSetting":{"obfuscationSettingType":"DefaultObfuscation"},"valueElicitationSetting":{"slotCaptureSetting":{"codeHook":null,"captureResponse":null,"captureNextStep":null,"captureConditional":null,"failureResponse":null,"failureNextStep":null,"failureConditional":null,"elicitationCodeHook":{"invocationLabel":null,"enableCodeHookInvocation":true}},"promptSpecification":{"messageGroupsList":[{"message":{"ssmlMessage":null,"customPayload":null,"plainTextMessage":{"value":"Provide the value for PhoneNumber"},"imageResponseCard":null},"variations":null}],"maxRetries":1,"allowInterrupt":true,"messageSelectionStrategy":"Random","promptAttemptsSpecification":{"Initial":{"allowedInputTypes":{"allowAudioInput":true,"allowDTMFInput":true},"audioAndDTMFInputSpecification":{"dtmfSpecification":{"maxLength":513,"deletionCharacter":"*","endCharacter":"#","endTimeoutMs":5000},"startTimeoutMs":4000,"audioSpecification":{"maxLengthMs":15000,"endTimeoutMs":640}},"allowInterrupt":true,"textInputSpecification":{"startTimeoutMs":30000}},"Retry1":{"allowedInputTypes":{"allowAudioInput":true,"allowDTMFInput":true},"audioAndDTMFInputSpecification":{"dtmfSpecification":{"maxLength":513,"deletionCharacter":"*","endCharacter":"#","endTimeoutMs":5000},"startTimeoutMs":4000,"audioSpecification":{"maxLengthMs":15000,"endTimeoutMs":640}},"allowInterrupt":true,"textInputSpecification":{"startTimeoutMs":30000}}}},"slotConstraint":"Optional","defaultValueSpecification":null,"sampleUtterances":[{"utterance":"A {PhoneNumber} ."},{"utterance":"Area code {PhoneNumber} ."},{"utterance":"Is {PhoneNumber} ."},{"utterance":"It is {PhoneNumber} ."},{"utterance":"It's {PhoneNumber} ."},{"utterance":"Oh {PhoneNumber} ."},{"utterance":"Ok {PhoneNumber} ."},{"utterance":"Yeah, it's {PhoneNumber} ."},{"utterance":"Yes, it's {PhoneNumber} ."},{"utterance":"Yes, {PhoneNumber} ."}],"waitAndContinueSpecification":null},"multipleValuesSetting":null}