{"name":"SizeType","identifier":"HFRTCQ9BSM","description":null,"slotTypeValues":[{"synonyms":null,"sampleValue":{"value":"Fifteen"}},{"synonyms":null,"sampleValue":{"value":"Ten"}},{"synonyms":null,"sampleValue":{"value":"Ten by twenty"}},{"synonyms":null,"sampleValue":{"value":"Three feet"}},{"synonyms":null,"sampleValue":{"value":"bigger"}},{"synonyms":null,"sampleValue":{"value":"biggest"}},{"synonyms":null,"sampleValue":{"value":"cow"}},{"synonyms":null,"sampleValue":{"value":"eight by twenty five"}},{"synonyms":null,"sampleValue":{"value":"fifteen"}},{"synonyms":null,"sampleValue":{"value":"fifteen by five"}},{"synonyms":null,"sampleValue":{"value":"fifteen or twenty"}},{"synonyms":null,"sampleValue":{"value":"five by ten"}},{"synonyms":null,"sampleValue":{"value":"forty foot"}},{"synonyms":null,"sampleValue":{"value":"four, eleven"}},{"synonyms":null,"sampleValue":{"value":"full"}},{"synonyms":null,"sampleValue":{"value":"king"}},{"synonyms":null,"sampleValue":{"value":"large"}},{"synonyms":null,"sampleValue":{"value":"medium and large"}},{"synonyms":null,"sampleValue":{"value":"nineteen ninety five"}},{"synonyms":null,"sampleValue":{"value":"small"}},{"synonyms":null,"sampleValue":{"value":"small one"}},{"synonyms":null,"sampleValue":{"value":"smaller"}},{"synonyms":null,"sampleValue":{"value":"smallest"}},{"synonyms":null,"sampleValue":{"value":"ten"}},{"synonyms":null,"sampleValue":{"value":"ten by fifteen"}},{"synonyms":null,"sampleValue":{"value":"ten by ten"}},{"synonyms":null,"sampleValue":{"value":"ten by thirty"}},{"synonyms":null,"sampleValue":{"value":"ten by twenty"}},{"synonyms":null,"sampleValue":{"value":"thirty five feet"}},{"synonyms":null,"sampleValue":{"value":"thirty foot"}},{"synonyms":null,"sampleValue":{"value":"twenty foot"}},{"synonyms":null,"sampleValue":{"value":"twenty four"}},{"synonyms":null,"sampleValue":{"value":"twenty seven put"}},{"synonyms":null,"sampleValue":{"value":"twenty six"}},{"synonyms":null,"sampleValue":{"value":"twenty six foot"}},{"synonyms":null,"sampleValue":{"value":"twenty twenty three"}}],"parentSlotTypeSignature":null,"valueSelectionSetting":{"resolutionStrategy":"ORIGINAL_VALUE","regexFilter":null}}