{"name":"LastName","identifier":"DW9QKMLROP","description":null,"slotTypeName":"AMAZON.LastName","obfuscationSetting":null,"valueElicitationSetting":{"slotCaptureSetting":{"codeHook":null,"captureResponse":null,"captureNextStep":{"dialogAction":{"type":"ElicitSlot","slotToElicit":"FirstName","suppressNextMessage":null},"intent":{"name":null,"slots":{}},"sessionAttributes":{}},"captureConditional":null,"failureResponse":null,"failureNextStep":{"dialogAction":{"type":"StartIntent","slotToElicit":null,"suppressNextMessage":null},"intent":{"name":"FallbackIntent","slots":{}},"sessionAttributes":{}},"failureConditional":null,"elicitationCodeHook":{"invocationLabel":null,"enableCodeHookInvocation":true}},"promptSpecification":{"messageGroupsList":[{"message":{"ssmlMessage":null,"customPayload":null,"plainTextMessage":{"value":"Provide the value for LastName"},"imageResponseCard":null},"variations":null}],"maxRetries":1,"allowInterrupt":true,"messageSelectionStrategy":"Random","promptAttemptsSpecification":{"Initial":{"allowedInputTypes":{"allowAudioInput":true,"allowDTMFInput":true},"audioAndDTMFInputSpecification":{"dtmfSpecification":{"maxLength":513,"deletionCharacter":"*","endCharacter":"#","endTimeoutMs":5000},"startTimeoutMs":4000,"audioSpecification":{"maxLengthMs":15000,"endTimeoutMs":640}},"allowInterrupt":true,"textInputSpecification":{"startTimeoutMs":30000}},"Retry1":{"allowedInputTypes":{"allowAudioInput":true,"allowDTMFInput":true},"audioAndDTMFInputSpecification":{"dtmfSpecification":{"maxLength":513,"deletionCharacter":"*","endCharacter":"#","endTimeoutMs":5000},"startTimeoutMs":4000,"audioSpecification":{"maxLengthMs":15000,"endTimeoutMs":640}},"allowInterrupt":true,"textInputSpecification":{"startTimeoutMs":30000}}}},"slotConstraint":"Required","defaultValueSpecification":null,"sampleUtterances":[{"utterance":"Is {LastName} ."},{"utterance":"It's {LastName} ."},{"utterance":"Last name is {LastName} ."},{"utterance":"Last name {LastName} ."},{"utterance":"My last name is {LastName} ."},{"utterance":"Oh {LastName} ."},{"utterance":"The last name is {LastName} ."},{"utterance":"Yes, {LastName} ."},{"utterance":"math is {LastName} ."},{"utterance":"{LastName} yeah."}],"waitAndContinueSpecification":null},"multipleValuesSetting":null}