{"name":"NameOnAccountType","identifier":"FAUITI5M6Z","description":null,"slotTypeValues":[{"synonyms":null,"sampleValue":{"value":"Ashley john"}},{"synonyms":null,"sampleValue":{"value":"G A S T O N"}},{"synonyms":null,"sampleValue":{"value":"Martin high"}},{"synonyms":null,"sampleValue":{"value":"Michael cornell"}},{"synonyms":null,"sampleValue":{"value":"Tony barris"}},{"synonyms":null,"sampleValue":{"value":"aaron britain"}},{"synonyms":null,"sampleValue":{"value":"carlin"}},{"synonyms":null,"sampleValue":{"value":"donaway"}},{"synonyms":null,"sampleValue":{"value":"dylan smith"}},{"synonyms":null,"sampleValue":{"value":"height"}},{"synonyms":null,"sampleValue":{"value":"hendrick leach"}},{"synonyms":null,"sampleValue":{"value":"katherine tate curtis"}},{"synonyms":null,"sampleValue":{"value":"kelsey mccoy"}},{"synonyms":null,"sampleValue":{"value":"larry"}},{"synonyms":null,"sampleValue":{"value":"melanie burton"}},{"synonyms":null,"sampleValue":{"value":"piker julie"}},{"synonyms":null,"sampleValue":{"value":"re r E L"}},{"synonyms":null,"sampleValue":{"value":"rebecca wales"}}],"parentSlotTypeSignature":null,"valueSelectionSetting":{"resolutionStrategy":"ORIGINAL_VALUE","regexFilter":null}}