{"name":"ExpirationDate","identifier":"IE72TKHCCX","description":null,"slotTypeName":"AMAZON.Date","obfuscationSetting":null,"valueElicitationSetting":{"slotCaptureSetting":{"codeHook":null,"captureResponse":null,"captureNextStep":{"dialogAction":{"type":"ElicitSlot","slotToElicit":"ZipCode","suppressNextMessage":null},"intent":{"name":null,"slots":{}},"sessionAttributes":{}},"captureConditional":null,"failureResponse":null,"failureNextStep":{"dialogAction":{"type":"StartIntent","slotToElicit":null,"suppressNextMessage":null},"intent":{"name":"FallbackIntent","slots":{}},"sessionAttributes":{}},"failureConditional":null,"elicitationCodeHook":{"invocationLabel":null,"enableCodeHookInvocation":true}},"promptSpecification":{"messageGroupsList":[{"message":{"ssmlMessage":null,"customPayload":null,"plainTextMessage":{"value":"Provide the value for ExpirationDate"},"imageResponseCard":null},"variations":null}],"maxRetries":1,"allowInterrupt":true,"messageSelectionStrategy":"Random","promptAttemptsSpecification":{"Initial":{"allowedInputTypes":{"allowAudioInput":true,"allowDTMFInput":true},"audioAndDTMFInputSpecification":{"dtmfSpecification":{"maxLength":513,"deletionCharacter":"*","endCharacter":"#","endTimeoutMs":5000},"startTimeoutMs":4000,"audioSpecification":{"maxLengthMs":15000,"endTimeoutMs":640}},"allowInterrupt":true,"textInputSpecification":{"startTimeoutMs":30000}},"Retry1":{"allowedInputTypes":{"allowAudioInput":true,"allowDTMFInput":true},"audioAndDTMFInputSpecification":{"dtmfSpecification":{"maxLength":513,"deletionCharacter":"*","endCharacter":"#","endTimeoutMs":5000},"startTimeoutMs":4000,"audioSpecification":{"maxLengthMs":15000,"endTimeoutMs":640}},"allowInterrupt":true,"textInputSpecification":{"startTimeoutMs":30000}}}},"slotConstraint":"Required","defaultValueSpecification":null,"sampleUtterances":[{"utterance":"Gonna be my niece, {ExpirationDate} ."},{"utterance":"Last the {ExpirationDate} ."},{"utterance":"Oh, the expiration date is {ExpirationDate} ."},{"utterance":"The expiration is {ExpirationDate} ."}],"waitAndContinueSpecification":null},"multipleValuesSetting":null}