{"name":"NameType","identifier":"X93SXNDZ6N","description":null,"slotTypeValues":[{"synonyms":null,"sampleValue":{"value":"Amy z I N Y"}},{"synonyms":null,"sampleValue":{"value":"Andre clayton"}},{"synonyms":null,"sampleValue":{"value":"Angela"}},{"synonyms":null,"sampleValue":{"value":"Ashley"}},{"synonyms":null,"sampleValue":{"value":"Ashley lions"}},{"synonyms":null,"sampleValue":{"value":"Brian"}},{"synonyms":null,"sampleValue":{"value":"Brian hall"}},{"synonyms":null,"sampleValue":{"value":"C U R"}},{"synonyms":null,"sampleValue":{"value":"Carolyn shapley s H A P P L E Y"}},{"synonyms":null,"sampleValue":{"value":"Christopher dick d I C K"}},{"synonyms":null,"sampleValue":{"value":"Cindy"}},{"synonyms":null,"sampleValue":{"value":"Cynthia towers"}},{"synonyms":null,"sampleValue":{"value":"Daniel stan phil s T A N T H I L L"}},{"synonyms":null,"sampleValue":{"value":"David"}},{"synonyms":null,"sampleValue":{"value":"Gary G I R T us"}},{"synonyms":null,"sampleValue":{"value":"George"}},{"synonyms":null,"sampleValue":{"value":"Holly"}},{"synonyms":null,"sampleValue":{"value":"Jackson"}},{"synonyms":null,"sampleValue":{"value":"James"}},{"synonyms":null,"sampleValue":{"value":"James dean"}},{"synonyms":null,"sampleValue":{"value":"Jason andrew"}},{"synonyms":null,"sampleValue":{"value":"Jerry"}},{"synonyms":null,"sampleValue":{"value":"Jessica fax"}},{"synonyms":null,"sampleValue":{"value":"Jessica garcia"}},{"synonyms":null,"sampleValue":{"value":"Joe j O harper"}},{"synonyms":null,"sampleValue":{"value":"Karen"}},{"synonyms":null,"sampleValue":{"value":"Kathy"}},{"synonyms":null,"sampleValue":{"value":"Kelly herrin h E R R O"}},{"synonyms":null,"sampleValue":{"value":"L E L L A T H U M A"}},{"synonyms":null,"sampleValue":{"value":"Laura burdette"}},{"synonyms":null,"sampleValue":{"value":"Laura mitchell"}},{"synonyms":null,"sampleValue":{"value":"Lewis"}},{"synonyms":null,"sampleValue":{"value":"Linda mark"}},{"synonyms":null,"sampleValue":{"value":"Lisa ro sack"}},{"synonyms":null,"sampleValue":{"value":"Luke"}},{"synonyms":null,"sampleValue":{"value":"Matthew l. crocker"}},{"synonyms":null,"sampleValue":{"value":"Me"}},{"synonyms":null,"sampleValue":{"value":"Melissa greenwood"}},{"synonyms":null,"sampleValue":{"value":"Michelle"}},{"synonyms":null,"sampleValue":{"value":"Nancy l"}},{"synonyms":null,"sampleValue":{"value":"Natalie ortega"}},{"synonyms":null,"sampleValue":{"value":"Parker"}},{"synonyms":null,"sampleValue":{"value":"Play miller"}},{"synonyms":null,"sampleValue":{"value":"R I O R D A N"}},{"synonyms":null,"sampleValue":{"value":"Robert harris"}},{"synonyms":null,"sampleValue":{"value":"S I S I T T L E R"}},{"synonyms":null,"sampleValue":{"value":"S K L A cook"}},{"synonyms":null,"sampleValue":{"value":"Samantha barney"}},{"synonyms":null,"sampleValue":{"value":"Terry T"}},{"synonyms":null,"sampleValue":{"value":"Thompson"}},{"synonyms":null,"sampleValue":{"value":"William de"}},{"synonyms":null,"sampleValue":{"value":"Zero me"}},{"synonyms":null,"sampleValue":{"value":"adams am"}},{"synonyms":null,"sampleValue":{"value":"alexandra e L"}},{"synonyms":null,"sampleValue":{"value":"anthony"}},{"synonyms":null,"sampleValue":{"value":"ash line"}},{"synonyms":null,"sampleValue":{"value":"badger"}},{"synonyms":null,"sampleValue":{"value":"ballard"}},{"synonyms":null,"sampleValue":{"value":"benjamin douglas"}},{"synonyms":null,"sampleValue":{"value":"brianna length"}},{"synonyms":null,"sampleValue":{"value":"c mills"}},{"synonyms":null,"sampleValue":{"value":"camry"}},{"synonyms":null,"sampleValue":{"value":"chanel bay"}},{"synonyms":null,"sampleValue":{"value":"charlie charles peters"}},{"synonyms":null,"sampleValue":{"value":"chinese"}},{"synonyms":null,"sampleValue":{"value":"cole c O L E"}},{"synonyms":null,"sampleValue":{"value":"darcy, ill k"}},{"synonyms":null,"sampleValue":{"value":"davis, dominic"}},{"synonyms":null,"sampleValue":{"value":"dirt moser"}},{"synonyms":null,"sampleValue":{"value":"durronda"}},{"synonyms":null,"sampleValue":{"value":"dustin radcliffe"}},{"synonyms":null,"sampleValue":{"value":"edward"}},{"synonyms":null,"sampleValue":{"value":"edward matthew genes"}},{"synonyms":null,"sampleValue":{"value":"eighteen"}},{"synonyms":null,"sampleValue":{"value":"fox"}},{"synonyms":null,"sampleValue":{"value":"gallagher"}},{"synonyms":null,"sampleValue":{"value":"gregory cannon"}},{"synonyms":null,"sampleValue":{"value":"gregory hill"}},{"synonyms":null,"sampleValue":{"value":"hall"}},{"synonyms":null,"sampleValue":{"value":"j A q U A L Y N N"}},{"synonyms":null,"sampleValue":{"value":"jackson"}},{"synonyms":null,"sampleValue":{"value":"jacqueline"}},{"synonyms":null,"sampleValue":{"value":"james"}},{"synonyms":null,"sampleValue":{"value":"jeffrey condo c"}},{"synonyms":null,"sampleValue":{"value":"jeffrey nippers"}},{"synonyms":null,"sampleValue":{"value":"jeffrey's"}},{"synonyms":null,"sampleValue":{"value":"jesse sanders"}},{"synonyms":null,"sampleValue":{"value":"jessica"}},{"synonyms":null,"sampleValue":{"value":"jessie taylor sanders"}},{"synonyms":null,"sampleValue":{"value":"jim mal law"}},{"synonyms":null,"sampleValue":{"value":"jo parker"}},{"synonyms":null,"sampleValue":{"value":"joe"}},{"synonyms":null,"sampleValue":{"value":"joel martin"}},{"synonyms":null,"sampleValue":{"value":"joy bird"}},{"synonyms":null,"sampleValue":{"value":"juliana"}},{"synonyms":null,"sampleValue":{"value":"juliet"}},{"synonyms":null,"sampleValue":{"value":"kella"}},{"synonyms":null,"sampleValue":{"value":"kerr, k E R R, marlow curry"}},{"synonyms":null,"sampleValue":{"value":"krista space bell"}},{"synonyms":null,"sampleValue":{"value":"lane"}},{"synonyms":null,"sampleValue":{"value":"leo jail"}},{"synonyms":null,"sampleValue":{"value":"leslie joe"}},{"synonyms":null,"sampleValue":{"value":"leslie shannon parker, p A R K E R"}},{"synonyms":null,"sampleValue":{"value":"lindsey"}},{"synonyms":null,"sampleValue":{"value":"loretta l O R E T g A"}},{"synonyms":null,"sampleValue":{"value":"malley"}},{"synonyms":null,"sampleValue":{"value":"malone"}},{"synonyms":null,"sampleValue":{"value":"marvell ships"}},{"synonyms":null,"sampleValue":{"value":"mckinley"}},{"synonyms":null,"sampleValue":{"value":"melanie burke"}},{"synonyms":null,"sampleValue":{"value":"michel austin"}},{"synonyms":null,"sampleValue":{"value":"milly, mathewson"}},{"synonyms":null,"sampleValue":{"value":"noel medina"}},{"synonyms":null,"sampleValue":{"value":"norman"}},{"synonyms":null,"sampleValue":{"value":"nurse drive board"}},{"synonyms":null,"sampleValue":{"value":"oak forest"}},{"synonyms":null,"sampleValue":{"value":"oh"}},{"synonyms":null,"sampleValue":{"value":"patrick dale"}},{"synonyms":null,"sampleValue":{"value":"piano bradford"}},{"synonyms":null,"sampleValue":{"value":"portia"}},{"synonyms":null,"sampleValue":{"value":"randall mckenzie"}},{"synonyms":null,"sampleValue":{"value":"robert heard"}},{"synonyms":null,"sampleValue":{"value":"ronald fetch"}},{"synonyms":null,"sampleValue":{"value":"ronnie bag"}},{"synonyms":null,"sampleValue":{"value":"ross"}},{"synonyms":null,"sampleValue":{"value":"routes"}},{"synonyms":null,"sampleValue":{"value":"russia"}},{"synonyms":null,"sampleValue":{"value":"shakeela"}},{"synonyms":null,"sampleValue":{"value":"shelby algebra"}},{"synonyms":null,"sampleValue":{"value":"shipper cannon"}},{"synonyms":null,"sampleValue":{"value":"six"}},{"synonyms":null,"sampleValue":{"value":"tracy mcallister"}},{"synonyms":null,"sampleValue":{"value":"two thirty one"}},{"synonyms":null,"sampleValue":{"value":"vick marie le bron"}},{"synonyms":null,"sampleValue":{"value":"victor ton"}},{"synonyms":null,"sampleValue":{"value":"victoria h W b A B A G"}},{"synonyms":null,"sampleValue":{"value":"wealth"}},{"synonyms":null,"sampleValue":{"value":"william nicholson"}},{"synonyms":null,"sampleValue":{"value":"williams"}},{"synonyms":null,"sampleValue":{"value":"zone"}}],"parentSlotTypeSignature":null,"valueSelectionSetting":{"resolutionStrategy":"ORIGINAL_VALUE","regexFilter":null}}